task_id,dataset,p_overall,r_overall,f_overall,p_match,r_match,f_match,p_part_of,r_part_of,f_part_of
DT_03,3_judgments_incjdgFALSE_1_votes,0.07016499074364566,0.934484649122807,0.1301371427587103,0.021106203554249484,0.9642857142857143,0.0412513048483897,0.0565403927467881,0.9166666666666666,0.10589233769586587
DT_03,3_judgments_incjdgFALSE_2_votes,0.09458336742486227,0.5457785087719298,0.1599877740672441,0.03040777514774253,0.6577380952380952,0.058037107316044695,0.0697471935958778,0.5059523809523809,0.12090849537903256
DT_03,3_judgments_incjdgFALSE_3_votes,0.22849867724867726,0.2584978070175439,0.23202754367360606,0.05959627329192546,0.27976190476190477,0.0976988017429194,0.1723580586080586,0.25595238095238093,0.19308801282485494
DT_03,3_judgments_incjdgTRUE_1_votes,0.07002493472123669,0.934484649122807,0.12989107976658432,0.021077142234865582,0.9642857142857143,0.0411956100558528,0.0564117891673218,0.9166666666666666,0.10566149299663727
DT_03,3_judgments_incjdgTRUE_2_votes,0.09425580400027907,0.5457785087719298,0.15948483025093288,0.0303172348029649,0.6577380952380952,0.05787581699346405,0.06953626361395546,0.5059523809523809,0.12056083576268606
DT_03,3_judgments_incjdgTRUE_3_votes,0.22849867724867726,0.2584978070175439,0.23202754367360606,0.05959627329192546,0.27976190476190477,0.0976988017429194,0.1723580586080586,0.25595238095238093,0.19308801282485494
