task_id,dataset,p_overall,r_overall,f_overall,p_match,r_match,f_match,p_part_of,r_part_of,f_part_of
FT_01,3_judgments_incjdgTRUE_1_votes,0.1936939049942146,0.7909356725146199,0.30919020715630885,0.09444444444444444,0.8690476190476191,0.16955815464587393,0.15931674468259835,0.6972988025619604,0.2527853881278539
FT_01,3_judgments_incjdgTRUE_2_votes,0.41750208855472015,0.5752923976608187,0.4637819290888296,0.17812812812812812,0.7579365079365079,0.28535353535353536,0.26460532931121167,0.3898148148148148,0.29606076664900194
FT_01,3_judgments_incjdgTRUE_3_votes,0.5975935828877006,0.5087719298245614,0.5312884947031289,0.25,0.7579365079365079,0.37518037518037517,0.3212121212121212,0.24814814814814815,0.26666666666666666
