task_id,dataset,p_overall,r_overall,f_overall,p_match,r_match,f_match,p_part_of,r_part_of,f_part_of
FT_03,3_judgments_incjdgTRUE_1_votes,0.5072567783094099,0.5296052631578947,0.5160183066361556,0.2845238095238095,0.7579365079365079,0.40350877192982454,0.33333333333333337,0.2546365914786967,0.2783068783068783
FT_03,3_judgments_incjdgTRUE_2_votes,0.665359477124183,0.3384502923976608,0.41862068965517246,0.36336996336996336,0.6468253968253967,0.46515151515151515,0.28703703703703703,0.08095238095238096,0.11508771929824561
FT_03,3_judgments_incjdgTRUE_3_votes,0.875,0.2269736842105263,0.34953123549614773,0.5555555555555556,0.5634920634920635,0.5523809523809524,0.5555555555555556,0.031746031746031744,0.05555555555555555
