task_id,dataset,p_overall,r_overall,f_overall,p_match,r_match,f_match,p_part_of,r_part_of,f_part_of
FT_02,3_judgments_incjdgTRUE_1_votes,0.20400116822429906,0.7635233918128655,0.31494708994709,0.11654320987654321,1,0.2085373642750692,0.16018518518518518,0.6481481481481481,0.24279835390946503
FT_02,3_judgments_incjdgTRUE_2_votes,0.4666666666666667,0.5994152046783625,0.509090909090909,0.1935897435897436,0.8690476190476191,0.31644144144144143,0.3386111111111111,0.42777777777777776,0.3588235294117647
FT_02,3_judgments_incjdgTRUE_3_votes,0.6307692307692307,0.46016081871345027,0.5150916246250932,0.277424330055909,0.7579365079365079,0.4048265460030166,0.45436507936507936,0.27936507936507937,0.332411334439732
