task_id,dataset,p_overall,r_overall,f_overall,p_match,r_match,f_match,p_part_of,r_part_of,f_part_of
DT_02,3_judgments_incjdgFALSE_1_votes,0.09375936830396635,0.7650767543859649,0.16549553153852517,0.029416409074657042,0.9642857142857143,0.05705696495735139,0.06809580398807683,0.7142857142857143,0.12257235781735634
DT_02,3_judgments_incjdgFALSE_2_votes,0.182484984984985,0.34210526315789475,0.21456884842453505,0.036937360646599776,0.29464285714285715,0.06544658963483008,0.15338253889713563,0.3482142857142857,0.1859816384180791
DT_02,3_judgments_incjdgFALSE_3_votes,0.5833333333333333,0.10718201754385964,0.17988600728875329,0.25,0.09821428571428571,0.1388888888888889,0.5208333333333333,0.10714285714285714,0.17529761904761904
DT_02,3_judgments_incjdgTRUE_1_votes,0.0935559122640347,0.7650767543859649,0.1651586043148055,0.029326824745942278,0.9642857142857143,0.05689075536705803,0.067965727387412,0.7142857142857143,0.12234278355008088
DT_02,3_judgments_incjdgTRUE_2_votes,0.182484984984985,0.34210526315789475,0.21456884842453505,0.036937360646599776,0.29464285714285715,0.06544658963483008,0.15338253889713563,0.3482142857142857,0.1859816384180791
DT_02,3_judgments_incjdgTRUE_3_votes,0.5833333333333333,0.10718201754385964,0.17988600728875329,0.25,0.09821428571428571,0.1388888888888889,0.5208333333333333,0.10714285714285714,0.17529761904761904
